1,1,mongixz,asdasd,mongixz@gmail.com,oldarico,balagon,pigon,7/2/1995,asdasd
1,1,mongixz,asdasd,mongixz@gmail.com,oldarico,balagon,pigon,7/2/1995,asdasd
1,1,mongixz,asdasd,mongixz@gmail.com,oldarico,balagon,pigon,7/2/1995,asdasd
1,1,mongixz,asdasd,mongixz@gmail.com,oldarico,balagon,pigon,7/2/1995,asdasd
1,1,mongixz,asdasd,mongixz@gmail.com,oldarico,balagon,pigon,7/2/1995,asdasd
1,1,mongixz,asdasd,mongixz@gmail.com,oldarico,balagon,pigon,7/2/1995,asdasd
1,1,mongixz,asdasd,mongixz@gmail.com,oldarico,balagon,pigon,7/2/1995,asdasd
1,1,mongixz,asdasd,mongixz@gmail.com,oldarico,balagon,pigon,7/2/1995,asdasd
1,1,mongixz,asdasd,mongixz@gmail.com,oldarico,balagon,pigon,7/2/1995,asdasd
1,1,mongixz,asdasd,mongixz@gmail.com,oldarico,balagon,pigon,7/2/1995,asdasd
1,1,mongixz,asdasd,mongixz@gmail.com,oldarico,balagon,pigon,7/2/1995,asdasd
1,1,mongixz,asdasd,mongixz@gmail.com,oldarico,balagon,pigon,7/2/1995,asdasd
1,1,mongixz,asdasd,mongixz@gmail.com,oldarico,balagon,pigon,7/2/1995,asdasd
1,1,mongixz,asdasd,mongixz@gmail.com,oldarico,balagon,pigon,7/2/1995,asdasd
1,1,mongixz,asdasd,mongixz@gmail.com,oldarico,balagon,pigon,7/2/1995,asdasd
1,1,mongixz,asdasd,mongixz@gmail.com,oldarico,balagon,pigon,7/2/1995,asdasd
1,1,mongixz,asdasd,mongixz@gmail.com,oldarico,balagon,pigon,7/2/1995,asdasd
1,1,mongixz,asdasd,mongixz@gmail.com,oldarico,balagon,pigon,7/2/1995,asdasd
1,1,mongixz,asdasd,mongixz@gmail.com,oldarico,balagon,pigon,7/2/1995,asdasd
1,1,mongixz,asdasd,mongixz@gmail.com,oldarico,balagon,pigon,7/2/1995,asdasd
1,1,mongixz,asdasd,mongixz@gmail.com,oldarico,balagon,pigon,7/2/1995,asdasd
1,1,mongixz,asdasd,mongixz@gmail.com,oldarico,balagon,pigon,7/2/1995,asdasd
1,1,mongixz,asdasd,mongixz@gmail.com,oldarico,balagon,pigon,7/2/1995,asdasd
1,1,mongixz,asdasd,mongixz@gmail.com,oldarico,balagon,pigon,7/2/1995,asdasd
1,1,mongixz,asdasd,mongixz@gmail.com,oldarico,balagon,pigon,7/2/1995,asdasd
1,1,mongixz,asdasd,mongixz@gmail.com,oldarico,balagon,pigon,7/2/1995,asdasd
1,1,mongixz,asdasd,mongixz@gmail.com,oldarico,balagon,pigon,7/2/1995,asdasd
1,1,mongixz,asdasd,mongixz@gmail.com,oldarico,balagon,pigon,7/2/1995,asdasd
1,1,mongixz,asdasd,mongixz@gmail.com,oldarico,balagon,pigon,7/2/1995,asdasd
1,1,mongixz,asdasd,mongixz@gmail.com,oldarico,balagon,pigon,7/2/1995,asdasd
1,1,mongixz,asdasd,mongixz@gmail.com,oldarico,balagon,pigon,7/2/1995,asdasd
1,1,mongixz,asdasd,mongixz@gmail.com,oldarico,balagon,pigon,7/2/1995,asdasd
1,1,mongixz,asdasd,mongixz@gmail.com,oldarico,balagon,pigon,7/2/1995,asdasd
1,1,mongixz,asdasd,mongixz@gmail.com,oldarico,balagon,pigon,7/2/1995,asdasd
1,1,mongixz,asdasd,mongixz@gmail.com,oldarico,balagon,pigon,7/2/1995,asdasd
1,1,mongixz,asdasd,mongixz@gmail.com,oldarico,balagon,pigon,7/2/1995,asdasd
1,1,mongixz,asdasd,mongixz@gmail.com,oldarico,balagon,pigon,7/2/1995,asdasd
1,1,mongixz,asdasd,mongixz@gmail.com,oldarico,balagon,pigon,7/2/1995,asdasd
1,1,mongixz,asdasd,mongixz@gmail.com,oldarico,balagon,pigon,7/2/1995,asdasd
1,1,mongixz,asdasd,mongixz@gmail.com,oldarico,balagon,pigon,7/2/1995,asdasd
1,1,mongixz,asdasd,mongixz@gmail.com,oldarico,balagon,pigon,7/2/1995,asdasd
1,1,mongixz,asdasd,mongixz@gmail.com,oldarico,balagon,pigon,7/2/1995,asdasd
1,1,mongixz,asdasd,mongixz@gmail.com,oldarico,balagon,pigon,7/2/1995,asdasd
1,1,mongixz,asdasd,mongixz@gmail.com,oldarico,balagon,pigon,7/2/1995,asdasd
1,1,mongixz,asdasd,mongixz@gmail.com,oldarico,balagon,pigon,7/2/1995,asdasd
